{
  "robot_poses": [
    [
      0.029729836903500312,
      0.18957302506396725,
      0.4550397429097517,
      -1.2855838629709264,
      1.4984690892884405,
      -1.155880535287185
    ],
    [
      -0.024594746557657005,
      0.16314957447426617,
      0.4736330714588606,
      -1.3639838724928999,
      1.2889099497321497,
      -1.1010588594537212
    ],
    [
      0.2567685866287496,
      0.10515196166385075,
      0.5016128459976781,
      -1.5779214306545144,
      1.6743552272987268,
      -0.9797505947960434
    ],
    [
      -0.08815666303584743,
      0.02506225114127862,
      0.483667361982534,
      -1.6020524329761516,
      1.0999803049343349,
      -0.8165219380517175
    ],
    [
      0.038964045333089836,
      -0.13355490553139132,
      0.48976374196108735,
      -1.5692418889666906,
      1.1186927934320379,
      -0.714833601800364
    ],
    [
      -0.07554321485143464,
      -0.007898648746506046,
      0.4871420159575543,
      -1.3247098763045162,
      1.166522494367956,
      -0.9607938692631611
    ],
    [
      0.14685464559194783,
      0.2366438344076165,
      0.47404874862696583,
      -1.1398208268548495,
      1.5538579261120202,
      -1.3426552056681649
    ],
    [
      0.2672353654040526,
      0.13591275580587192,
      0.5232840948384276,
      -1.0859294590922963,
      1.7336221521096942,
      -1.2586538026355678
    ],
    [
      0.21539272571275314,
      0.24160671545310836,
      0.4483113505590335,
      -1.1026073880865874,
      1.6368212610484196,
      -1.3912424207980492
    ],
    [
      0.1986947030251349,
      0.2693170625695389,
      0.3688027864901212,
      -1.0467333197184554,
      1.671445794722705,
      -1.5299749167596814
    ]
  ],
  "camera_poses": [
    {
      "translation": [
        144.6575390057382,
        18.603522194142887,
        709.047186320615
      ],
      "rotation_vector": [
        -2.2064795399751396,
        2.2058264653835806,
        0.5301004079726879
      ],
      "tag_id": 1,
      "quality": 88.67130279541016,
      "image_path": "photos/capture_20250827_121205.jpg"
    },
    {
      "translation": [
        223.70600177354478,
        76.86554497921813,
        740.5867376375284
      ],
      "rotation_vector": [
        2.087439048672084,
        -1.9975788854506678,
        -0.6187993859051384
      ],
      "tag_id": 1,
      "quality": 85.64070892333984,
      "image_path": "photos/capture_20250827_121241.jpg"
    },
    {
      "translation": [
        89.57163501720535,
        7.752698520051142,
        492.2529357088182
      ],
      "rotation_vector": [
        -2.1073148951152088,
        1.88462437759293,
        0.8451515572924536
      ],
      "tag_id": 1,
      "quality": 83.2092514038086,
      "image_path": "photos/capture_20250827_121251.jpg"
    },
    {
      "translation": [
        299.31795649976306,
        1.1146090205375987,
        753.7842988811061
      ],
      "rotation_vector": [
        1.967825429724742,
        -1.7652648251913656,
        -1.0213757489594923
      ],
      "tag_id": 1,
      "quality": 78.86712646484375,
      "image_path": "photos/capture_20250827_121328.jpg"
    },
    {
      "translation": [
        134.00744609798403,
        17.22482773866298,
        692.9980805517858
      ],
      "rotation_vector": [
        1.8530152647126614,
        -1.8106525181599131,
        -1.0975156185557928
      ],
      "tag_id": 1,
      "quality": 86.08804321289062,
      "image_path": "photos/capture_20250827_121343.jpg"
    },
    {
      "translation": [
        168.44143101324536,
        116.19396364632794,
        786.6097349467308
      ],
      "rotation_vector": [
        1.8806451343995758,
        -1.971729745906633,
        -0.7046800098411546
      ],
      "tag_id": 1,
      "quality": 85.37175750732422,
      "image_path": "photos/capture_20250827_121415.jpg"
    },
    {
      "translation": [
        121.40051583287571,
        107.66245347593548,
        625.0049297040504
      ],
      "rotation_vector": [
        -2.176932294360906,
        2.181521690006967,
        0.24341193857250223
      ],
      "tag_id": 1,
      "quality": 85.29023742675781,
      "image_path": "photos/capture_20250827_121430.jpg"
    },
    {
      "translation": [
        41.91433164529595,
        132.7738038511104,
        502.1014672210781
      ],
      "rotation_vector": [
        -1.9784903756356609,
        2.170663258963859,
        0.2986379839962829
      ],
      "tag_id": 1,
      "quality": 82.70940399169922,
      "image_path": "photos/capture_20250827_121445.jpg"
    },
    {
      "translation": [
        105.17267558878835,
        81.59833685593948,
        565.1984934861432
      ],
      "rotation_vector": [
        -2.12460761592364,
        2.1298675268310063,
        0.18272250060735412
      ],
      "tag_id": 1,
      "quality": 86.8145751953125,
      "image_path": "photos/capture_20250827_121505.jpg"
    },
    {
      "translation": [
        69.70046096962538,
        21.101455301692397,
        586.1394892801588
      ],
      "rotation_vector": [
        -2.1363696260469256,
        2.0509855122434795,
        0.019087428478830677
      ],
      "tag_id": 1,
      "quality": 87.65330505371094,
      "image_path": "photos/capture_20250827_121535.jpg"
    }
  ],
  "timestamps": [
    "2025-08-27T12:12:06.586682",
    "2025-08-27T12:12:42.124246",
    "2025-08-27T12:12:52.023197",
    "2025-08-27T12:13:29.508496",
    "2025-08-27T12:13:44.672076",
    "2025-08-27T12:14:16.129360",
    "2025-08-27T12:14:30.849205",
    "2025-08-27T12:14:46.240945",
    "2025-08-27T12:15:06.672517",
    "2025-08-27T12:15:36.753939"
  ],
  "robot_ip": "192.168.0.10",
  "apriltag_config": {
    "tag_family": "tag36h11",
    "tag_size_mm": 23.0,
    "calibration_file": "camera_calibration/camera_calibration.yaml"
  },
  "collection_date": "2025-08-27T12:12:00.677012"
}